r,kp,ke
200,0.013998994228482073,2.3944034419114334e-5
250,0.02377024099297435,3.87645284174335e-5
300,0.03393806876364479,5.503028006607139e-5
350,0.04376383684533676,7.152138572444801e-5
